user_id,age,gender,subscription_type,days_active,avg_session_length,total_sessions,total_time_spent,num_complaints,num_support_calls,discount_used,last_login_days_ago,num_clicks,country,churned
1,56,Female,Basic,32,16.9,45,739.8,1,0,1,8,6,France,0
2,69,Male,Free,23,12.6,30,379.8,0,0,0,42,4,Germany,1
3,46,Male,Premium,43,15.0,25,370.0,0,0,0,58,7,USA,0
4,32,Male,Premium,10,1.5,22,41.8,0,1,1,33,1,India,0
5,60,Male,Basic,16,17.3,35,580.1,0,0,0,26,4,India,0
6,25,Male,Premium,3,21.7,32,696.3,1,0,1,12,2,India,0
7,38,Male,Basic,46,17.0,36,609.9,2,1,0,35,2,Serbia,0
8,56,Male,Basic,24,8.4,34,296.8,1,0,0,26,5,Serbia,0
9,36,Male,Free,29,11.0,32,367.5,0,0,0,8,6,Serbia,0
10,40,Female,Premium,8,2.8,32,80.3,0,0,1,4,5,USA,0
11,28,Female,Free,20,19.9,26,508.6,0,1,0,50,4,Germany,1
12,28,Female,Premium,19,10.0,28,282.3,1,1,1,21,5,India,0
13,41,Female,Premium,18,14.9,20,315.3,0,0,0,30,7,France,0
14,53,Female,Premium,18,14.2,32,455.0,0,0,1,2,4,India,0
15,57,Male,Free,11,22.4,33,726.4,0,0,0,29,2,India,0
16,41,Female,Basic,36,15.4,31,471.3,0,1,0,20,9,India,0
17,20,Female,Free,41,19.0,32,610.0,1,0,1,34,4,India,1
18,39,Female,Basic,16,17.7,34,604.2,0,1,1,5,3,Germany,0
19,19,Male,Free,36,21.8,29,625.2,0,0,0,27,4,France,0
20,41,Male,Premium,53,13.8,28,380.1,0,0,0,31,4,Serbia,0
21,61,Male,Basic,47,24.3,27,646.3,0,0,0,41,6,France,0
22,47,Male,Basic,38,5.1,33,179.7,1,0,0,36,4,India,0
23,55,Female,Basic,27,19.3,41,783.0,0,0,0,24,6,France,0
24,19,Female,Basic,40,10.7,25,262.9,0,0,0,31,9,India,0
25,38,Male,Basic,34,12.5,25,307.6,0,0,0,34,3,France,0
26,50,Other,Basic,46,17.8,25,428.9,0,0,1,21,3,USA,0
27,29,Female,Premium,47,17.8,36,632.2,0,1,0,23,8,France,0
28,39,Male,Basic,17,18.0,29,534.3,0,0,0,38,6,Serbia,0
29,61,Male,Premium,13,8.1,33,255.2,1,0,0,53,1,Serbia,0
30,42,Male,Premium,34,22.2,34,745.2,0,0,0,29,7,France,0
31,66,Male,Free,43,10.5,24,238.7,0,0,0,49,5,France,1
32,44,Male,Premium,40,11.2,23,256.7,0,0,0,31,7,Germany,0
33,59,Male,Free,59,18.2,27,510.3,1,1,0,30,5,France,0
34,45,Male,Premium,6,13.6,19,257.1,0,0,1,22,2,Serbia,0
35,33,Male,Basic,40,16.5,24,396.7,0,0,0,39,6,USA,0
36,32,Female,Premium,12,4.2,29,113.8,1,0,1,32,7,Serbia,0
37,64,Male,Premium,17,16.4,25,409.4,0,0,1,24,5,Germany,0
38,68,Female,Premium,36,16.1,27,447.0,0,1,1,35,6,France,0
39,61,Male,Premium,12,12.5,23,288.9,0,1,0,23,5,USA,0
40,69,Other,Basic,35,4.6,19,108.7,0,0,0,30,6,Serbia,0
41,20,Male,Free,30,13.9,34,485.2,0,0,0,57,3,USA,1
42,54,Male,Basic,1,14.8,23,339.5,1,0,0,38,4,India,1
43,68,Other,Free,15,13.2,32,421.3,0,0,0,45,5,Serbia,1
44,24,Female,Basic,8,5.8,30,190.3,1,0,0,12,8,India,0
45,38,Female,Basic,8,23.0,31,714.4,1,0,0,9,10,USA,0
46,26,Male,Premium,37,11.8,32,391.7,0,0,0,22,5,France,0
47,56,Male,Basic,10,13.9,32,464.8,0,0,0,17,3,France,0
48,35,Female,Premium,53,3.0,26,76.0,0,1,1,31,7,France,0
49,21,Female,Free,55,23.0,24,555.5,0,0,0,32,2,India,1
50,42,Female,Premium,21,12.7,35,454.3,2,0,0,35,6,France,0
51,31,Female,Premium,32,15.5,29,457.2,0,0,0,27,6,Germany,0
52,67,Male,Basic,35,20.6,31,646.2,0,0,1,15,6,Serbia,0
53,26,Female,Basic,44,11.6,36,404.3,1,0,0,15,5,Serbia,0
54,43,Male,Premium,22,19.8,34,664.7,0,0,0,17,0,USA,0
55,19,Male,Free,44,4.7,34,154.8,0,0,0,7,6,India,0
56,37,Male,Basic,44,17.8,32,581.7,0,0,0,41,4,Serbia,0
57,45,Female,Basic,33,22.9,37,834.9,1,0,0,15,6,India,0
58,64,Male,Free,8,12.1,26,329.8,0,0,1,54,3,USA,1
59,24,Male,Basic,23,20.6,27,564.0,0,0,1,55,6,France,0
60,61,Female,Free,7,24.2,33,810.1,0,0,1,10,3,USA,1
61,25,Male,Free,6,13.7,36,483.9,0,0,1,5,5,Germany,1
62,64,Female,Free,35,13.3,34,452.9,0,0,0,0,2,France,0
63,52,Male,Premium,17,10.5,23,244.5,0,0,1,60,4,France,0
64,31,Female,Basic,2,12.5,27,340.0,0,0,0,60,7,France,1
65,34,Female,Premium,27,10.9,23,253.7,0,0,0,11,6,USA,0
66,53,Male,Basic,5,10.5,38,396.2,0,0,0,56,7,Germany,1
67,67,Male,Basic,43,21.0,25,526.4,1,0,0,37,6,India,0
68,57,Male,Basic,43,11.1,28,321.1,0,0,0,27,2,USA,0
69,21,Male,Basic,20,16.3,32,509.9,0,0,0,44,0,Serbia,0
70,19,Other,Free,27,15.2,21,334.7,0,0,0,57,4,Serbia,1
71,23,Male,Basic,39,22.5,28,639.8,0,0,1,16,5,USA,0
72,59,Female,Free,53,12.5,23,277.8,1,1,0,0,2,India,0
73,21,Male,Basic,53,16.9,27,460.1,0,0,0,31,3,Serbia,0
74,46,Female,Basic,0,19.0,29,560.0,1,0,1,7,6,India,0
75,35,Female,Free,35,22.4,34,749.2,1,0,0,53,9,France,1
76,43,Female,Free,20,12.4,23,285.6,1,0,1,39,6,USA,1
77,61,Male,Premium,59,11.9,27,320.5,3,0,0,55,4,France,1
78,51,Male,Basic,42,9.7,28,265.1,0,0,1,42,2,Serbia,0
79,27,Male,Free,34,26.2,30,786.9,0,2,0,45,6,India,1
80,53,Female,Premium,12,21.9,35,760.5,0,1,0,23,7,France,0
81,31,Female,Free,56,14.8,35,531.7,1,0,0,9,2,Serbia,0
82,48,Other,Basic,48,24.7,33,808.8,2,0,0,46,6,Germany,0
83,65,Male,Premium,53,14.5,38,558.9,0,0,1,38,8,France,0
84,32,Female,Free,53,18.6,36,653.0,0,0,0,38,4,Germany,1
85,25,Female,Free,9,15.1,32,481.6,0,1,0,9,6,Germany,1
86,31,Male,Free,52,17.0,31,527.1,0,0,0,35,6,Serbia,1
87,40,Male,Basic,43,16.5,37,608.6,2,1,1,24,1,USA,0
88,57,Female,Free,46,12.9,27,344.3,0,0,0,59,7,India,1
89,38,Female,Basic,52,20.5,33,669.8,0,0,1,49,6,Serbia,0
90,33,Female,Free,9,18.6,25,472.5,0,0,0,58,5,France,1
91,62,Male,Basic,45,20.1,19,391.9,0,0,0,56,3,India,0
92,35,Female,Premium,12,16.6,21,347.8,0,0,0,9,7,USA,0
93,64,Male,Premium,36,10.5,37,377.5,0,0,1,18,4,Serbia,0
94,41,Male,Basic,37,23.5,21,511.4,0,1,1,45,2,USA,0
95,43,Male,Basic,23,13.7,32,429.6,1,0,0,44,7,France,0
96,42,Female,Basic,1,16.8,27,439.0,0,0,0,14,5,Serbia,0
97,62,Female,Basic,21,18.2,44,780.7,0,0,1,15,8,France,0
98,58,Female,Basic,16,16.8,21,353.8,0,1,0,1,7,India,0
99,46,Male,Free,35,19.6,36,703.4,0,0,0,28,5,India,0
100,32,Female,Premium,13,20.4,32,663.1,0,0,0,3,4,USA,0
101,62,Male,Basic,9,13.9,31,437.0,0,1,0,52,3,USA,1
102,18,Female,Free,34,23.1,30,695.9,0,0,0,49,9,India,1
103,42,Male,Basic,24,13.7,40,545.3,0,0,0,28,4,Germany,0
104,24,Male,Basic,2,16.7,29,495.4,0,0,0,30,8,India,0
105,26,Male,Premium,46,13.1,40,542.7,0,0,1,16,4,Serbia,0
106,41,Male,Premium,37,11.6,27,323.3,0,0,0,9,2,France,0
107,18,Female,Premium,16,20.2,32,641.8,1,0,1,26,2,India,0
108,61,Female,Free,11,30.6,27,834.0,0,0,0,52,5,India,1
109,25,Male,Basic,53,13.2,27,352.4,0,0,0,40,8,France,0
110,41,Female,Basic,51,21.1,25,516.4,0,0,0,14,5,France,0
111,28,Male,Free,23,13.4,32,419.8,1,0,1,59,6,Serbia,1
112,68,Female,Free,28,14.9,39,577.5,0,0,0,43,3,France,1
113,34,Female,Premium,42,23.8,18,429.4,0,0,1,30,5,USA,0
114,25,Female,Free,24,9.6,30,308.6,0,0,0,20,8,India,0
115,52,Male,Basic,35,8.3,24,190.4,0,0,0,59,4,France,0
116,52,Female,Free,57,14.6,14,217.6,0,0,1,58,5,Serbia,1
117,50,Female,Free,59,18.3,29,527.5,0,0,0,57,1,France,1
118,22,Male,Free,25,17.3,28,464.2,1,1,0,40,5,India,1
119,59,Male,Premium,37,16.8,29,482.1,0,0,1,45,6,Germany,0
120,56,Female,Premium,0,15.2,30,467.8,0,0,0,44,3,France,1
121,58,Female,Premium,19,18.9,28,532.6,0,0,0,59,6,USA,0
122,45,Female,Basic,54,0.4,33,17.2,0,1,1,25,5,India,0
123,24,Female,Free,27,11.2,26,304.5,1,0,0,37,5,Serbia,1
124,26,Female,Basic,15,14.5,40,569.6,1,0,1,50,6,India,0
125,25,Male,Basic,46,18.5,34,618.5,0,0,0,35,6,Germany,0
126,29,Male,Premium,16,22.4,36,783.8,1,0,1,51,7,Serbia,0
127,51,Male,Free,39,10.6,31,337.4,0,1,0,16,6,Germany,0
128,50,Female,Basic,27,22.3,37,830.7,0,0,1,50,5,Germany,0
129,65,Male,Free,57,12.7,31,400.9,0,0,0,2,6,USA,0
130,40,Female,Basic,11,14.4,26,362.6,0,0,0,60,6,France,0
131,41,Female,Premium,26,17.9,34,592.6,0,0,0,13,5,USA,0
132,54,Female,Basic,53,14.0,37,504.8,0,0,0,48,10,USA,0
133,52,Male,Basic,52,20.6,25,505.8,0,0,1,12,4,USA,0
134,61,Female,Basic,41,13.0,27,366.5,0,1,1,40,8,Serbia,0
135,57,Male,Basic,58,13.1,20,272.0,1,0,0,26,6,France,0
136,39,Female,Premium,46,20.3,34,685.6,0,1,1,0,4,France,0
137,44,Male,Premium,29,11.2,22,249.4,1,0,0,56,5,Serbia,0
138,52,Male,Premium,40,16.2,34,544.0,1,0,0,16,4,USA,0
139,18,Female,Premium,33,6.7,32,218.0,0,0,0,47,6,USA,0
140,52,Male,Basic,36,24.1,29,687.5,1,0,0,49,2,Germany,0
141,54,Male,Basic,5,21.0,33,700.5,0,0,0,33,2,Germany,1
142,64,Female,Basic,6,28.8,37,1057.1,1,0,1,13,9,India,0
143,31,Female,Free,31,21.7,33,724.2,1,0,0,53,1,Germany,1
144,20,Female,Premium,31,9.4,30,277.7,0,1,0,54,3,France,0
145,18,Female,Free,52,18.3,35,632.6,0,0,0,58,4,Serbia,1
146,22,Female,Premium,24,10.4,31,338.5,0,0,1,16,3,USA,0
147,43,Male,Basic,32,22.9,28,643.0,0,0,0,2,2,India,0
148,31,Male,Basic,54,9.5,26,243.8,0,0,0,33,6,Germany,0
149,56,Male,Basic,57,9.3,37,351.7,0,0,0,39,2,India,0
150,44,Female,Premium,6,7.0,43,287.6,0,0,1,24,7,Serbia,0
151,26,Female,Basic,51,12.6,42,540.3,2,0,0,60,10,Serbia,0
152,32,Male,Basic,56,11.6,31,358.2,1,0,1,1,1,India,0
153,32,Male,Free,11,8.7,29,258.3,1,0,0,33,2,India,1
154,43,Female,Basic,15,24.9,25,607.0,3,0,1,25,4,India,0
155,59,Male,Free,15,17.6,35,612.2,0,0,0,30,4,USA,0
156,30,Female,Premium,42,17.1,31,530.1,0,0,0,8,8,France,0
157,68,Female,Basic,52,22.9,27,628.6,0,0,0,29,6,Germany,0
158,49,Female,Basic,35,16.3,33,544.7,0,0,0,19,2,Germany,0
159,56,Male,Free,12,11.3,39,436.8,0,1,0,20,6,Germany,0
160,66,Female,Free,6,6.5,26,172.2,0,0,1,28,8,India,1
161,69,Female,Premium,35,11.0,22,254.6,0,0,1,58,8,India,0
162,49,Female,Free,46,22.5,30,673.0,0,1,1,24,2,India,0
163,21,Female,Free,50,8.7,23,197.0,0,0,0,37,5,USA,1
164,47,Female,Free,8,16.8,30,485.1,0,0,0,57,4,USA,1
165,54,Female,Premium,31,20.2,30,603.2,0,0,0,43,3,USA,0
166,40,Male,Premium,10,16.4,32,507.4,0,0,0,24,8,USA,0
167,56,Female,Basic,7,17.0,34,576.9,1,1,1,8,3,Serbia,0
168,62,Female,Free,32,18.3,31,577.2,0,0,0,38,7,USA,1
169,32,Male,Basic,22,16.9,24,384.4,0,0,1,43,2,USA,0
170,60,Female,Premium,24,23.0,36,840.3,0,1,0,25,1,USA,0
171,46,Female,Basic,55,9.8,28,271.1,0,0,1,56,5,Germany,0
172,53,Female,Free,7,16.2,22,356.1,0,0,0,36,4,Germany,1
173,30,Male,Free,44,5.9,35,201.5,0,2,1,15,4,Germany,0
174,49,Male,Free,21,4.6,25,97.9,0,0,0,36,4,France,1
175,24,Other,Basic,58,14.6,33,474.0,0,0,0,11,3,Serbia,0
176,68,Female,Premium,3,17.7,22,410.4,0,1,1,23,0,India,0
177,39,Male,Free,39,23.2,30,685.0,0,0,0,25,2,USA,0
178,45,Female,Free,2,27.1,30,797.1,0,0,0,19,3,Germany,1
179,19,Female,Free,28,21.6,30,649.4,0,1,0,8,4,Serbia,0
180,59,Female,Premium,40,18.6,35,650.1,0,0,0,22,2,USA,0
181,62,Female,Free,28,15.8,32,502.4,0,0,0,38,6,France,1
182,23,Male,Premium,33,7.3,30,219.1,1,0,0,28,5,India,0
183,45,Male,Basic,33,14.3,36,521.2,0,0,0,30,1,USA,0
184,45,Male,Basic,27,21.5,31,660.6,1,2,0,18,8,India,0
185,61,Female,Free,12,19.5,40,781.9,0,0,0,19,6,USA,0
186,61,Male,Free,14,8.6,36,319.8,2,0,0,22,1,France,0
187,37,Male,Basic,59,18.1,31,551.1,1,1,1,42,9,Serbia,0
188,47,Male,Premium,22,17.6,29,487.2,0,0,1,26,3,India,0
189,28,Female,Basic,43,16.7,33,557.8,1,1,0,29,9,India,0
190,45,Female,Basic,25,14.9,40,621.0,0,0,0,20,4,Serbia,0
191,42,Male,Free,3,18.3,30,548.9,2,0,0,43,3,India,1
192,56,Male,Premium,25,18.5,34,631.0,0,0,1,34,7,Germany,0
193,50,Female,Premium,39,11.8,29,339.2,0,0,0,48,5,Serbia,0
194,18,Male,Free,8,17.3,28,500.3,0,0,0,6,6,France,1
195,44,Male,Premium,54,14.1,29,408.1,0,0,0,21,3,USA,0
196,69,Male,Basic,4,7.6,29,218.5,2,0,0,9,7,USA,0
197,30,Male,Basic,55,12.2,31,387.3,0,0,0,22,5,Serbia,0
198,58,Male,Premium,31,7.2,34,240.0,0,2,0,14,8,Germany,0
199,20,Female,Premium,19,19.9,21,405.1,0,0,0,29,7,France,0
200,56,Male,Basic,49,16.8,31,529.6,0,0,0,33,3,USA,0
201,23,Female,Free,10,13.2,31,403.3,0,1,0,12,5,USA,0
202,25,Male,Basic,14,22.1,37,807.9,0,0,1,59,9,Germany,0
203,44,Female,Premium,31,15.3,26,418.8,0,1,0,3,5,India,0
204,26,Female,Free,27,7.8,27,208.8,0,2,0,17,6,Serbia,0
205,54,Male,Basic,21,12.8,31,401.7,0,0,0,55,4,Germany,0
206,50,Female,Basic,40,23.2,34,789.1,0,0,0,22,6,Germany,0
207,68,Male,Basic,16,11.7,29,330.4,0,1,0,32,6,Germany,0
208,59,Other,Basic,58,16.4,21,351.3,0,0,0,33,5,Germany,0
209,61,Male,Premium,25,18.7,34,638.9,0,0,1,33,6,India,0
210,41,Male,Free,43,17.9,32,566.2,0,0,0,35,4,France,1
211,32,Male,Free,6,27.2,38,1037.9,1,0,0,34,4,Germany,1
212,49,Other,Free,41,9.1,31,277.0,0,0,0,16,7,Germany,0
213,49,Female,Premium,56,9.6,18,161.8,0,0,0,27,7,Serbia,0
214,41,Female,Basic,25,9.2,30,263.9,0,0,1,13,5,USA,0
215,58,Male,Free,24,13.5,37,502.2,0,0,0,33,3,India,1
216,69,Female,Premium,9,20.5,30,611.2,1,0,0,47,3,Germany,1
217,66,Male,Premium,58,9.8,26,269.8,1,0,1,10,3,France,0
218,66,Female,Premium,44,20.6,36,741.2,0,0,1,56,2,France,0
219,69,Male,Premium,18,15.2,39,584.9,0,0,0,12,6,France,0
220,29,Male,Free,10,9.5,27,258.1,0,0,0,32,3,Serbia,1
221,56,Male,Premium,12,6.2,27,154.5,0,0,0,56,3,France,0
222,19,Male,Basic,52,7.4,32,236.0,0,0,0,54,11,Serbia,0
223,20,Female,Premium,7,11.7,31,365.9,1,0,1,1,4,India,0
224,66,Male,Premium,39,14.2,34,484.8,0,0,0,33,10,France,0
225,54,Female,Premium,3,21.7,28,620.6,1,0,0,52,8,USA,1
226,66,Male,Basic,46,19.0,29,577.0,0,0,0,28,3,Germany,0
227,34,Female,Free,30,10.8,30,330.7,1,1,0,36,7,India,1
228,66,Male,Basic,27,17.0,25,436.8,0,1,0,3,5,USA,0
229,19,Male,Premium,10,23.3,32,771.0,0,0,1,11,3,India,0
230,19,Female,Premium,42,24.4,22,526.7,0,0,0,25,5,France,0
231,45,Male,Free,0,13.4,28,376.5,0,0,0,57,6,India,1
232,40,Male,Free,48,19.8,35,688.2,0,0,1,60,5,India,1
233,54,Female,Free,46,21.9,44,972.0,2,0,0,27,5,India,0
234,49,Female,Premium,51,7.5,32,242.7,2,0,1,2,2,Serbia,0
235,50,Male,Premium,37,12.4,33,401.0,0,0,0,19,6,USA,0
236,18,Male,Free,23,26.1,29,757.0,1,0,0,9,5,France,0
237,36,Female,Basic,53,13.5,27,375.0,0,0,0,51,4,Germany,0
238,19,Male,Premium,59,0.4,23,-3.8,0,1,1,17,7,France,0
239,61,Male,Premium,56,14.4,30,424.0,1,0,0,52,5,France,0
240,43,Male,Basic,46,20.6,37,752.7,1,0,0,52,6,Serbia,0
241,49,Female,Basic,30,15.0,27,408.3,0,0,1,52,6,Serbia,0
242,23,Female,Basic,40,18.6,30,570.4,0,0,0,26,6,India,0
243,49,Male,Free,45,19.7,24,452.7,1,0,0,30,3,France,0
244,21,Male,Basic,49,13.2,36,476.1,0,0,0,26,5,USA,0
245,28,Male,Basic,25,12.4,27,325.6,0,1,0,41,4,Serbia,0
246,34,Female,Premium,48,15.8,31,499.9,0,2,0,0,8,Serbia,0
247,55,Male,Basic,49,15.9,25,395.1,0,0,0,5,3,USA,0
248,41,Male,Premium,4,15.3,21,322.6,0,0,1,10,2,Serbia,0
249,22,Female,Free,19,15.5,33,511.5,0,0,1,33,1,USA,1
250,69,Male,Basic,51,11.3,36,418.0,0,0,0,38,7,Germany,0
251,51,Female,Free,40,18.8,35,678.5,0,0,1,19,3,USA,0
252,23,Male,Free,10,18.0,23,402.7,0,0,0,52,2,Germany,1
253,39,Male,Premium,55,8.3,30,239.5,0,0,0,20,4,India,0
254,28,Male,Premium,53,13.1,36,474.8,1,0,0,20,6,India,0
255,65,Female,Free,32,15.5,40,611.8,0,0,0,17,2,Serbia,0
256,33,Female,Basic,49,12.3,27,341.4,0,0,1,20,7,USA,0
257,50,Female,Premium,37,18.2,33,611.5,0,0,0,18,4,Serbia,0
258,26,Male,Free,26,14.7,21,303.2,0,0,0,3,10,USA,0
259,23,Female,Basic,33,15.8,36,561.2,1,0,0,12,8,Serbia,0
260,33,Male,Premium,14,13.0,30,387.3,0,0,0,17,6,India,0
261,46,Male,Basic,31,5.0,24,121.0,0,0,0,51,7,India,0
262,20,Female,Free,60,4.7,31,148.8,1,0,0,28,3,Serbia,0
263,37,Male,Basic,57,17.9,22,371.3,0,0,0,24,4,USA,0
264,53,Male,Premium,20,16.3,24,381.5,2,0,1,55,8,France,0
265,36,Male,Basic,45,17.2,30,512.0,0,0,0,12,5,USA,0
266,43,Male,Free,4,15.7,26,400.2,1,0,0,26,4,Serbia,1
267,20,Male,Premium,5,16.1,26,390.0,1,0,0,59,4,USA,1
268,36,Female,Free,37,19.8,34,654.3,1,0,1,18,5,Germany,0
269,37,Male,Premium,21,17.2,26,434.1,0,0,0,48,5,USA,0
270,49,Female,Free,17,20.2,28,564.4,1,1,1,0,4,India,0
271,24,Female,Premium,13,15.9,35,552.1,0,1,1,37,3,India,0
272,69,Male,Basic,9,13.5,28,371.7,0,0,1,18,6,Germany,0
273,58,Male,Basic,45,16.0,37,600.0,1,0,1,51,8,USA,0
274,50,Male,Free,12,10.8,37,407.6,0,0,1,0,5,France,0
275,57,Female,Basic,30,13.1,18,237.3,0,0,0,39,5,USA,0
276,56,Male,Premium,29,15.9,19,303.3,0,0,1,16,3,India,0
277,35,Female,Premium,2,15.8,33,512.8,1,0,0,20,5,India,0
278,57,Male,Basic,29,14.5,24,340.6,0,0,1,21,5,Serbia,0
279,18,Female,Basic,5,8.1,29,217.8,0,0,0,14,10,India,0
280,28,Male,Premium,28,18.2,35,634.5,1,1,0,49,4,Serbia,0
281,45,Male,Premium,7,19.2,29,564.7,0,0,0,38,4,India,1
282,42,Female,Basic,43,23.2,22,523.9,0,0,0,47,9,India,0
283,67,Female,Basic,44,17.2,36,616.8,0,0,0,38,5,France,0
284,40,Male,Basic,42,15.0,35,529.9,0,1,0,31,4,Serbia,0
285,48,Female,Basic,43,9.9,29,258.5,0,0,1,48,2,Serbia,0
286,47,Female,Free,32,22.5,34,760.7,0,0,0,3,4,India,0
287,59,Female,Basic,16,16.2,41,659.6,0,0,0,43,4,Serbia,0
288,52,Female,Basic,47,16.0,22,366.9,1,0,1,44,5,India,0
289,24,Male,Premium,10,13.7,32,442.3,1,1,0,31,2,India,0
290,33,Male,Free,12,13.4,27,366.7,1,0,0,3,8,USA,0
291,43,Male,Basic,49,18.4,27,501.2,2,0,0,52,3,Serbia,0
292,65,Female,Basic,10,9.9,38,376.7,0,0,1,0,5,Germany,0
293,69,Female,Basic,30,23.1,37,870.0,0,1,0,32,4,Serbia,0
294,66,Male,Free,27,22.0,30,636.9,0,0,0,6,5,Serbia,0
295,19,Male,Basic,43,13.2,30,397.5,0,0,0,8,7,France,0
296,18,Female,Basic,5,10.7,33,364.4,1,0,0,0,6,Germany,0
297,65,Other,Basic,40,4.9,25,103.6,0,0,0,15,7,Germany,0
298,29,Female,Basic,15,8.7,24,217.2,1,1,1,17,3,France,0
299,22,Male,Basic,3,18.6,29,531.8,0,0,1,53,8,France,1
300,54,Male,Premium,34,16.6,24,399.5,1,0,0,46,3,Serbia,0
301,49,Male,Free,59,17.5,24,412.2,0,0,0,5,6,USA,0
302,26,Female,Premium,47,5.8,27,166.2,3,1,1,1,6,France,0
303,58,Male,Basic,55,13.0,30,387.1,1,0,0,8,6,Germany,0
304,52,Female,Free,58,21.8,34,749.7,0,0,0,3,3,Germany,0
305,36,Male,Free,25,14.5,37,540.9,0,0,0,44,1,Serbia,1
306,65,Female,Basic,56,8.6,37,310.3,0,0,0,22,6,USA,0
307,33,Female,Premium,11,14.4,35,509.0,0,0,1,53,5,India,0
308,20,Female,Premium,10,11.1,31,337.5,0,0,0,42,2,France,0
309,37,Male,Premium,36,16.7,34,568.4,0,0,0,44,4,France,0
310,41,Male,Basic,24,15.1,27,404.6,0,0,0,42,10,Serbia,0
311,50,Male,Basic,17,17.7,30,540.0,1,1,1,50,3,USA,0
312,41,Female,Free,18,8.9,28,254.6,0,0,0,7,11,Germany,0
313,69,Female,Basic,22,12.8,32,409.3,0,0,0,38,2,Germany,0
314,28,Female,Basic,54,20.5,28,567.1,0,0,0,24,3,India,0
315,66,Female,Free,37,8.2,26,200.5,0,0,0,15,3,Germany,0
316,25,Female,Free,53,10.0,36,361.4,0,0,0,34,2,France,1
317,53,Male,Basic,17,16.0,42,665.7,0,0,0,16,3,India,0
318,55,Female,Premium,25,16.4,35,555.2,1,0,0,17,6,USA,0
319,57,Male,Premium,5,12.6,27,326.9,0,0,0,59,6,India,1
320,37,Male,Premium,3,13.6,30,424.3,0,0,1,26,7,USA,0
321,52,Female,Basic,43,17.7,32,559.8,0,0,0,14,3,Germany,0
322,65,Male,Basic,50,19.2,24,471.6,0,0,0,59,5,Serbia,0
323,42,Male,Basic,28,9.7,30,287.4,0,0,0,16,2,India,0
324,52,Female,Premium,58,16.8,22,382.0,0,0,0,42,5,India,0
325,42,Male,Free,60,22.6,32,734.9,1,1,0,4,4,France,0
326,46,Female,Basic,33,14.4,25,351.7,0,0,1,15,1,France,0
327,35,Male,Premium,16,9.6,28,248.9,1,0,1,14,3,USA,0
328,63,Male,Basic,42,9.4,39,347.6,1,0,0,41,3,Serbia,0
329,35,Male,Basic,42,14.2,27,375.3,0,0,0,45,8,France,0
330,19,Male,Basic,52,20.2,25,523.9,1,1,0,33,10,France,0
331,52,Female,Free,15,14.8,32,469.5,1,0,0,47,4,Germany,1
332,33,Male,Basic,1,15.9,34,542.1,2,0,0,18,5,Germany,0
333,58,Female,Basic,33,10.0,32,333.0,0,0,0,7,6,France,0
334,53,Male,Free,54,19.9,31,618.0,0,0,1,46,3,USA,1
335,50,Female,Free,7,9.3,23,214.7,1,0,0,9,11,Serbia,1
336,21,Female,Premium,12,12.5,25,318.7,0,0,0,4,5,France,0
337,50,Female,Free,41,18.1,28,509.7,0,0,1,51,5,USA,1
338,31,Male,Basic,7,4.8,37,176.6,0,0,0,47,3,USA,1
339,38,Male,Free,29,15.9,33,517.5,0,0,0,52,7,France,1
340,65,Male,Premium,31,9.8,27,265.4,0,0,0,25,2,USA,0
341,37,Female,Free,35,15.1,20,312.9,1,0,0,21,5,India,0
342,25,Male,Basic,46,13.2,31,427.0,1,1,1,43,4,USA,0
343,24,Female,Premium,29,25.5,40,1022.9,0,0,1,22,6,France,0
344,20,Female,Premium,0,13.0,35,462.6,0,0,1,12,4,USA,0
345,34,Male,Free,42,24.2,34,825.5,0,0,1,8,5,France,0
346,50,Female,Premium,38,17.9,30,536.1,0,0,0,48,3,Germany,0
347,65,Male,Basic,16,11.0,29,324.1,1,0,1,19,5,France,0
348,29,Male,Basic,58,16.7,31,529.6,0,1,1,27,6,USA,0
349,68,Female,Free,19,13.5,29,382.6,0,3,0,43,3,France,1
350,39,Female,Free,23,16.2,26,406.7,0,0,0,56,7,Serbia,1
351,39,Female,Premium,49,11.4,34,382.3,1,0,0,36,4,France,0
352,63,Male,Basic,21,23.5,29,683.6,0,0,0,23,2,France,0
353,47,Male,Basic,28,19.6,37,733.9,0,0,0,43,12,Serbia,0
354,55,Female,Premium,21,15.2,24,354.9,0,0,1,32,4,Serbia,0
355,55,Female,Premium,43,23.6,36,824.7,0,0,1,19,2,Serbia,0
356,62,Female,Free,8,15.4,28,426.1,0,1,0,59,7,India,1
357,68,Male,Basic,36,20.5,36,736.1,0,0,0,47,1,France,0
358,25,Female,Free,9,15.2,32,474.8,0,0,1,29,0,Serbia,1
359,44,Male,Premium,35,17.0,30,502.4,0,0,0,43,3,Serbia,0
360,44,Male,Basic,36,14.6,48,709.5,1,0,0,8,10,Germany,0
361,51,Female,Premium,27,15.5,28,434.8,1,1,1,44,2,India,0
362,38,Male,Free,27,15.9,27,432.8,0,0,1,48,9,France,1
363,47,Female,Free,41,11.7,29,335.7,0,1,1,16,3,USA,0
364,50,Male,Free,42,13.0,27,343.5,0,0,0,35,6,India,1
365,45,Male,Free,20,13.9,30,413.4,0,0,0,13,5,India,0
366,64,Female,Free,23,16.1,35,568.5,0,0,1,18,3,Germany,0
367,50,Female,Premium,41,14.8,17,236.7,0,0,0,6,8,France,0
368,22,Female,Free,59,20.9,24,518.1,0,0,1,58,4,France,1
369,65,Female,Free,39,19.2,41,792.9,1,0,0,2,5,Serbia,0
370,36,Female,Premium,1,14.0,26,358.6,0,1,0,32,4,Serbia,1
371,21,Female,Basic,54,21.9,22,489.9,0,0,0,43,4,India,0
372,52,Female,Premium,7,24.4,31,768.6,0,1,0,31,3,Germany,1
373,66,Male,Free,47,4.8,30,140.7,0,1,1,46,5,France,1
374,34,Female,Basic,26,19.7,35,687.3,1,0,0,10,3,Germany,0
375,61,Male,Free,21,11.5,42,497.9,1,0,1,41,7,USA,1
376,45,Other,Free,36,19.0,40,781.2,0,0,1,1,2,France,0
377,47,Female,Premium,26,21.2,31,657.5,0,0,0,25,7,Serbia,0
378,46,Male,Free,56,10.6,26,264.0,0,0,1,60,4,India,1
379,63,Female,Basic,28,5.7,36,200.5,0,0,0,3,3,Germany,0
380,23,Female,Basic,2,19.2,31,605.5,0,1,1,16,3,Serbia,0
381,52,Male,Basic,43,15.7,28,429.3,0,0,0,16,8,India,0
382,58,Female,Premium,12,6.7,34,225.7,0,0,0,27,10,Serbia,0
383,54,Female,Free,44,27.6,19,527.3,0,0,0,29,5,France,0
384,41,Male,Basic,9,18.1,29,515.7,1,0,0,39,8,Germany,1
385,46,Female,Premium,35,18.4,28,526.2,2,0,1,22,1,USA,0
386,66,Male,Basic,8,21.8,27,595.5,0,0,0,45,6,Serbia,1
387,63,Female,Premium,53,12.1,33,419.4,0,0,0,23,2,Germany,0
388,48,Other,Free,55,15.7,35,557.3,1,0,0,28,4,France,0
389,52,Female,Basic,54,8.4,30,242.4,1,0,1,3,4,Serbia,0
390,50,Male,Free,26,12.0,34,413.3,1,0,0,37,8,France,1
391,69,Female,Premium,33,16.9,21,364.8,0,0,0,28,7,USA,0
392,38,Female,Premium,50,6.7,23,164.5,0,0,0,18,4,USA,0
393,49,Male,Free,0,11.8,36,417.0,0,0,0,26,7,India,1
394,40,Female,Basic,31,10.4,26,261.4,0,0,1,28,5,India,0
395,50,Male,Free,24,15.7,26,396.8,0,0,1,55,7,India,1
396,20,Female,Basic,28,17.9,33,606.7,1,1,1,35,3,France,0
397,35,Male,Basic,6,18.7,30,567.2,2,1,0,34,4,India,1
398,42,Male,Premium,48,20.0,27,531.8,1,0,1,51,8,Germany,0
399,59,Male,Basic,2,21.9,24,526.9,1,0,0,5,7,France,0
400,48,Female,Basic,19,18.0,25,448.8,0,0,1,58,2,France,0
401,20,Male,Free,19,24.4,24,575.9,0,0,0,22,2,India,0
402,57,Female,Free,52,15.6,30,468.4,0,0,0,38,6,India,1
403,63,Male,Free,29,14.1,32,453.1,0,0,0,45,8,France,1
404,41,Male,Free,34,18.0,26,487.3,0,0,0,43,4,USA,1
405,67,Female,Premium,34,13.9,40,549.4,0,1,0,47,6,USA,0
406,49,Female,Basic,48,24.3,28,663.3,1,0,1,51,8,India,0
407,64,Male,Basic,38,20.7,26,527.7,0,0,0,7,6,USA,0
408,39,Female,Free,26,18.8,34,630.3,0,1,1,54,4,Germany,1
409,40,Female,Premium,25,15.7,32,498.1,1,0,0,1,6,Germany,0
410,19,Female,Premium,13,13.0,30,379.5,0,1,0,12,6,Germany,0
411,44,Male,Free,16,18.5,36,674.2,0,0,1,39,4,France,1
412,59,Male,Premium,17,9.4,38,346.0,0,0,0,56,4,France,0
413,19,Female,Basic,44,22.7,24,545.0,0,0,0,20,5,France,0
414,43,Male,Free,51,14.1,22,330.2,1,1,1,30,9,France,0
415,34,Female,Basic,28,16.5,22,368.5,1,2,0,51,5,France,0
416,57,Female,Basic,19,10.5,23,246.0,1,0,0,47,6,India,0
417,50,Female,Free,52,18.6,34,651.0,3,0,1,35,9,USA,1
418,26,Female,Premium,26,12.7,35,457.0,0,0,0,60,3,India,0
419,60,Other,Premium,17,18.2,35,642.7,0,0,1,47,10,USA,0
420,65,Male,Basic,3,18.8,32,598.5,0,0,0,51,7,India,1
421,56,Female,Basic,0,11.8,28,330.2,0,0,0,37,6,Germany,1
422,46,Male,Basic,49,9.4,37,347.1,0,0,0,26,5,Serbia,0
423,59,Male,Basic,0,22.7,30,677.0,0,0,1,35,5,France,1
424,43,Female,Basic,57,14.0,26,366.1,0,1,0,47,9,Serbia,0
425,52,Female,Free,25,16.1,33,534.8,0,1,1,22,7,Serbia,0
426,67,Other,Basic,44,17.4,29,492.2,0,0,0,54,7,Germany,0
427,42,Female,Premium,19,8.7,41,373.0,0,0,0,20,5,Serbia,0
428,41,Male,Basic,51,17.3,22,384.7,0,0,1,12,2,Serbia,0
429,30,Male,Free,22,15.5,30,462.4,0,0,0,36,5,Germany,1
430,24,Female,Premium,9,11.8,26,309.0,0,0,0,46,4,USA,1
431,53,Male,Free,58,9.2,21,202.5,4,0,0,25,7,India,1
432,62,Male,Free,10,18.0,26,453.3,0,0,0,39,3,Serbia,1
433,37,Male,Free,40,20.6,34,699.3,0,0,0,6,3,France,0
434,18,Male,Basic,40,15.9,30,465.1,0,0,0,45,6,Germany,0
435,25,Male,Premium,4,7.8,29,252.8,0,0,0,38,3,Serbia,1
436,63,Male,Basic,57,9.7,27,263.3,0,0,0,21,5,USA,0
437,33,Male,Free,0,12.8,28,346.6,0,3,0,38,3,USA,1
438,31,Male,Premium,16,22.8,29,697.2,0,0,0,22,8,France,0
439,29,Other,Premium,21,13.8,34,463.8,1,0,1,57,3,Serbia,0
440,68,Male,Premium,33,12.7,32,404.3,0,0,1,29,7,France,0
441,40,Male,Free,55,6.6,25,163.6,0,1,0,17,5,USA,0
442,32,Female,Basic,44,11.7,25,284.0,0,0,0,41,6,USA,0
443,45,Male,Premium,40,8.8,37,328.1,0,0,1,17,4,India,0
444,51,Female,Premium,28,10.0,23,207.9,1,1,0,45,6,USA,0
445,19,Female,Free,3,15.6,18,291.7,0,0,0,9,7,Germany,1
446,49,Male,Free,4,13.0,31,391.7,0,0,0,38,10,India,1
447,40,Male,Basic,10,23.5,29,677.3,0,0,1,29,7,France,0
448,39,Female,Premium,55,20.4,29,599.1,1,1,0,25,6,USA,0
449,68,Female,Basic,50,12.0,30,358.0,1,0,1,6,4,Germany,0
450,42,Male,Basic,20,10.4,24,248.0,1,1,1,6,6,India,0
451,39,Female,Free,34,21.9,34,734.5,0,0,0,4,2,Germany,0
452,39,Male,Basic,11,23.3,23,556.9,0,0,1,0,2,India,0
453,66,Other,Premium,25,4.0,18,77.3,0,0,0,45,3,India,0
454,69,Male,Basic,50,15.5,31,469.7,0,0,0,17,9,India,0
455,59,Female,Premium,18,13.7,29,399.1,1,0,0,12,4,France,0
456,23,Female,Premium,44,18.2,27,479.9,1,0,0,24,7,India,0
457,32,Female,Free,59,24.7,27,684.1,0,0,0,39,8,India,1
458,60,Female,Basic,6,12.6,32,405.2,0,1,0,7,6,Germany,0
459,54,Male,Free,46,4.7,35,154.7,2,0,0,9,3,India,0
460,50,Male,Premium,54,17.9,35,633.5,0,1,0,31,6,France,0
461,25,Male,Basic,6,21.9,36,785.6,0,0,0,16,3,Germany,0
462,61,Male,Basic,25,13.5,37,486.6,2,0,1,37,7,India,0
463,61,Female,Premium,39,11.5,26,302.8,0,0,0,14,6,Germany,0
464,22,Male,Basic,4,12.8,25,323.5,0,0,0,14,2,France,0
465,56,Male,Premium,20,19.3,31,609.7,0,0,0,56,1,Germany,0
466,21,Other,Basic,13,12.7,30,381.6,0,0,0,47,2,France,0
467,23,Female,Free,3,16.6,26,432.7,0,0,0,39,5,USA,1
468,62,Female,Basic,22,15.1,29,439.5,1,1,0,50,4,India,0
469,49,Other,Premium,41,14.6,34,512.4,1,0,0,19,5,France,0
470,69,Male,Basic,19,18.5,27,496.4,0,1,0,14,8,India,0
471,47,Male,Premium,14,12.6,25,319.7,0,0,1,34,4,France,0
472,64,Female,Premium,49,12.8,38,492.6,0,0,1,5,6,Serbia,0
473,52,Female,Free,51,19.0,28,535.5,0,0,0,29,3,Serbia,0
474,57,Male,Premium,44,10.1,30,299.5,0,0,1,56,4,Serbia,0
475,69,Female,Free,28,10.6,40,425.2,0,0,0,7,8,France,0
476,33,Male,Free,7,8.7,24,207.9,0,0,0,30,5,India,1
477,30,Male,Free,40,19.2,29,576.4,0,0,1,47,7,Serbia,1
478,67,Female,Premium,47,14.5,32,459.4,0,1,0,46,2,India,0
479,59,Female,Basic,18,8.4,25,200.9,0,0,0,31,5,France,0
480,47,Female,Free,47,19.3,27,521.0,0,0,0,44,10,India,1
481,36,Male,Basic,38,12.2,21,255.4,1,0,0,57,4,India,0
482,34,Female,Basic,45,10.6,37,394.2,1,0,0,51,5,Serbia,0
483,36,Male,Free,27,14.0,31,429.4,1,0,0,14,3,Germany,0
484,45,Male,Premium,45,22.4,35,785.1,1,0,0,17,3,USA,0
485,43,Female,Premium,56,13.0,31,404.3,0,1,0,12,8,France,0
486,54,Female,Basic,26,17.9,21,385.0,0,1,1,23,3,France,0
487,43,Female,Premium,3,18.6,31,577.5,0,0,0,39,7,France,1
488,40,Female,Basic,57,17.2,37,637.4,0,0,1,13,8,USA,0
489,26,Female,Premium,14,21.4,26,561.6,0,0,0,27,4,Germany,0
490,29,Female,Basic,34,11.5,40,468.7,0,0,1,10,5,India,0
491,18,Male,Basic,36,9.8,33,313.6,0,0,1,5,6,France,0
492,18,Male,Free,0,9.7,34,317.3,1,0,0,55,1,India,1
493,64,Male,Premium,2,14.3,27,403.1,0,0,0,24,2,Serbia,0
494,51,Male,Basic,46,10.3,27,285.1,0,1,0,60,3,Serbia,0
495,49,Female,Free,23,15.7,22,343.2,0,1,1,0,4,Serbia,0
496,65,Female,Free,26,15.4,23,354.4,0,1,0,24,4,France,0
497,42,Male,Basic,39,20.1,30,599.1,0,0,0,1,4,USA,0
498,57,Male,Basic,60,16.5,34,563.1,0,0,0,31,3,France,0
499,62,Female,Premium,35,12.9,31,390.2,2,0,1,12,5,Serbia,0
500,18,Male,Premium,33,17.1,41,709.5,0,0,0,32,5,Serbia,0
501,33,Female,Free,28,9.8,29,286.0,0,0,0,31,2,France,1
502,56,Female,Premium,23,14.8,27,401.7,0,0,0,55,6,USA,0
503,22,Female,Free,23,16.6,32,522.3,0,0,1,23,3,USA,0
504,39,Female,Premium,41,15.6,34,535.6,0,0,0,26,4,India,0
505,46,Female,Premium,3,17.1,32,538.5,0,0,0,3,3,Germany,0
506,20,Male,Basic,2,11.8,30,347.1,1,0,0,23,6,Serbia,0
507,29,Female,Premium,33,20.8,33,687.3,1,1,0,22,4,USA,0
508,43,Female,Basic,56,24.1,24,603.5,0,0,1,28,1,Serbia,0
509,33,Male,Basic,48,7.0,42,295.7,0,1,0,33,9,Germany,0
510,68,Female,Premium,22,8.9,23,179.0,0,0,0,20,7,Serbia,0
511,54,Female,Basic,52,15.2,22,328.0,0,0,1,29,5,USA,0
512,39,Female,Basic,55,13.7,45,623.3,0,0,1,25,4,India,0
513,46,Female,Basic,51,24.5,26,625.7,0,0,0,19,2,France,0
514,31,Female,Premium,22,16.1,34,555.7,0,0,0,15,4,France,0
515,45,Female,Basic,44,22.0,38,837.6,0,0,1,2,5,USA,0
516,22,Female,Free,4,4.8,26,134.7,1,0,0,48,4,USA,1
517,64,Female,Premium,30,19.1,27,510.1,0,0,1,36,6,Germany,0
518,66,Female,Premium,52,11.4,32,358.4,0,1,1,57,3,Serbia,0
519,47,Female,Free,40,11.3,30,344.6,0,2,0,39,7,Germany,1
520,63,Female,Free,56,13.8,27,372.5,0,0,1,43,5,France,1
521,69,Male,Free,60,7.9,27,212.6,0,0,0,24,6,Serbia,0
522,22,Female,Basic,56,17.2,20,359.7,0,1,0,22,7,Germany,0
523,29,Female,Basic,59,16.0,36,582.0,0,1,0,43,2,France,0
524,33,Male,Premium,53,16.3,30,469.1,1,0,1,58,6,Serbia,0
525,43,Female,Basic,5,19.4,27,531.8,0,0,0,0,4,India,0
526,43,Male,Basic,36,22.6,29,662.4,0,0,0,32,6,India,0
527,65,Male,Basic,56,13.2,43,579.4,0,0,1,14,3,Germany,0
528,38,Female,Premium,9,17.4,35,599.6,1,0,0,16,6,USA,0
529,56,Male,Basic,39,16.5,25,415.7,0,0,0,33,8,Serbia,0
530,53,Female,Premium,6,16.9,25,423.6,0,0,1,16,3,Germany,0
531,50,Female,Basic,38,17.0,26,432.4,0,1,1,51,7,USA,0
532,47,Female,Free,37,23.0,31,722.5,0,0,1,57,15,USA,1
533,54,Male,Basic,20,12.7,36,454.8,0,0,1,40,7,Serbia,0
534,40,Male,Basic,60,7.4,24,189.1,0,0,0,43,6,Serbia,0
535,27,Female,Basic,19,11.5,29,326.1,0,0,0,3,3,USA,0
536,22,Other,Free,2,18.8,37,681.0,0,0,0,12,2,France,1
537,53,Female,Free,50,15.1,42,631.8,0,0,0,3,5,Germany,0
538,51,Male,Premium,21,12.7,32,408.7,0,1,0,6,6,Serbia,0
539,69,Female,Free,46,9.6,31,292.3,1,0,1,45,6,USA,1
540,48,Female,Premium,3,16.1,24,355.8,0,0,0,58,4,France,1
541,27,Female,Free,27,18.2,29,531.6,0,0,0,8,1,India,0
542,36,Male,Basic,11,16.5,36,597.8,0,0,0,22,6,USA,0
543,49,Female,Basic,37,13.7,31,431.6,0,0,0,32,8,France,0
544,18,Female,Basic,50,15.7,30,467.2,1,0,0,32,2,India,0
545,22,Other,Basic,35,15.7,29,450.9,0,0,0,19,2,France,0
546,62,Male,Free,46,15.9,31,507.3,0,1,0,3,2,Serbia,0
547,21,Female,Free,40,9.1,25,211.7,0,1,0,0,5,USA,0
548,33,Female,Basic,4,16.0,23,365.5,0,1,1,53,7,India,1
549,41,Male,Basic,12,12.8,25,321.4,1,0,1,41,7,France,0
550,33,Female,Premium,22,20.2,18,369.7,0,0,0,33,9,India,0
551,19,Female,Premium,57,15.7,22,347.1,0,0,1,26,4,Germany,0
552,66,Male,Premium,49,19.2,29,547.6,0,0,0,20,7,USA,0
553,45,Male,Premium,29,13.5,23,322.2,1,0,0,23,5,Serbia,0
554,49,Female,Basic,36,13.7,27,369.9,0,0,0,14,7,India,0
555,44,Male,Free,24,22.5,33,725.8,0,0,0,34,7,France,1
556,37,Female,Premium,47,17.2,23,397.7,1,1,1,24,3,India,0
557,41,Male,Basic,26,11.4,26,301.2,0,0,0,54,5,France,0
558,29,Female,Basic,50,19.5,29,585.1,0,0,1,8,5,India,0
559,67,Male,Free,13,12.3,25,311.6,0,0,0,16,5,Serbia,0
560,52,Female,Basic,56,16.1,31,484.3,0,0,0,20,5,Serbia,0
561,50,Other,Basic,47,24.2,29,687.3,0,0,1,59,8,USA,0
562,50,Other,Premium,58,7.8,43,348.0,0,0,0,12,2,Serbia,0
563,68,Female,Basic,46,14.1,32,443.2,0,0,0,2,6,India,0
564,60,Male,Basic,53,17.0,37,613.5,0,0,0,3,6,India,0
565,54,Female,Premium,35,18.8,27,517.6,1,0,0,3,6,Serbia,0
566,29,Male,Free,38,8.8,35,303.2,0,0,0,42,1,Germany,1
567,20,Male,Basic,15,7.3,27,206.6,0,0,0,27,10,India,0
568,18,Male,Free,55,20.5,37,749.4,0,0,0,6,5,USA,0
569,50,Female,Premium,21,11.4,39,459.3,0,2,0,25,3,Germany,0
570,57,Female,Premium,20,11.2,20,232.7,1,0,0,10,0,Serbia,0
571,27,Female,Free,53,22.8,33,745.2,1,0,0,23,7,France,0
572,60,Male,Premium,20,15.3,21,304.7,0,0,0,42,4,India,0
573,61,Male,Free,7,15.4,27,438.9,0,0,0,9,6,France,1
574,46,Other,Premium,48,14.1,34,477.3,0,0,0,36,4,USA,0
575,30,Male,Premium,15,8.9,25,214.9,0,0,0,12,2,Germany,0
576,29,Male,Premium,58,18.4,25,473.9,1,0,0,60,4,France,0
577,48,Male,Free,54,17.0,21,366.5,1,0,0,43,9,USA,1
578,63,Female,Premium,30,15.8,29,470.0,1,0,0,41,4,France,0
579,19,Female,Premium,41,14.4,23,330.2,0,0,0,38,5,France,0
580,68,Male,Basic,9,13.5,33,464.3,0,0,0,18,8,USA,0
581,67,Male,Premium,31,19.6,35,672.9,0,0,0,50,2,India,0
582,52,Female,Free,58,14.3,27,380.6,0,0,0,18,2,France,0
583,40,Female,Premium,33,14.7,19,283.2,0,0,0,11,5,USA,0
584,34,Male,Free,8,17.6,34,610.1,0,0,0,51,4,France,1
585,43,Female,Premium,16,16.0,23,374.6,1,0,0,21,8,India,0
586,25,Male,Basic,10,23.2,27,625.6,0,0,0,46,6,USA,0
587,46,Male,Free,31,6.2,32,193.6,1,0,1,36,9,France,1
588,43,Female,Free,9,16.5,27,457.2,0,0,0,55,7,Serbia,1
589,27,Male,Free,21,11.5,34,398.6,2,0,1,29,2,India,0
590,43,Female,Basic,56,10.3,39,393.0,1,0,1,45,8,France,0
591,51,Male,Basic,16,12.7,32,397.4,0,2,0,11,3,Germany,0
592,68,Male,Basic,3,15.3,32,484.1,0,1,0,28,5,USA,0
593,58,Other,Free,47,15.5,29,442.8,0,0,0,20,4,France,0
594,24,Male,Free,51,7.4,24,187.9,0,0,0,10,5,India,0
595,21,Female,Premium,46,12.3,24,299.6,0,1,0,59,4,India,0
596,67,Male,Free,24,16.4,33,546.8,0,1,1,36,8,Germany,1
597,62,Male,Premium,58,10.6,42,447.1,0,0,1,47,0,Germany,0
598,28,Male,Premium,20,9.4,29,275.0,0,0,0,57,7,France,0
599,46,Female,Basic,36,3.7,25,76.7,1,0,0,17,4,Serbia,0
600,53,Male,Basic,37,11.7,34,405.7,0,0,0,43,5,India,0
601,42,Female,Premium,48,9.3,37,338.5,0,0,1,58,2,Serbia,0
602,38,Male,Free,0,10.1,24,242.1,0,0,1,26,3,Serbia,1
603,53,Other,Free,24,13.6,29,389.7,1,0,1,36,3,France,1
604,27,Male,Free,50,12.0,31,373.5,0,0,0,47,1,USA,1
605,54,Female,Premium,35,9.2,34,318.5,0,1,0,11,3,USA,0
606,26,Female,Free,16,4.4,31,126.3,0,0,0,22,4,USA,0
607,41,Female,Basic,40,16.5,33,547.0,0,0,0,33,4,Germany,0
608,52,Female,Premium,23,18.8,39,728.7,0,0,1,60,7,India,0
609,66,Female,Premium,1,13.0,30,403.2,0,1,1,37,9,Germany,1
610,52,Female,Basic,39,13.7,23,304.0,1,0,0,22,1,India,0
611,65,Male,Free,14,15.0,34,500.0,0,0,0,52,3,India,1
612,53,Male,Premium,31,22.9,21,477.3,0,1,0,24,5,India,0
613,35,Female,Basic,38,7.2,26,177.9,0,1,1,3,1,France,0
614,66,Female,Free,58,12.9,29,371.9,0,0,0,29,3,USA,0
615,56,Female,Free,5,6.4,40,250.7,0,0,0,29,5,Germany,1
616,49,Female,Premium,0,16.8,38,639.3,1,0,0,12,7,Germany,0
617,41,Male,Basic,46,14.3,29,424.8,1,0,0,41,4,France,0
618,40,Male,Premium,22,16.0,27,432.7,1,0,1,48,6,India,0
619,49,Female,Premium,57,15.8,29,459.8,0,0,0,13,4,USA,0
620,54,Male,Basic,38,20.0,40,789.4,0,0,0,55,3,Serbia,0
621,29,Male,Basic,60,17.7,23,405.8,1,0,0,46,5,Serbia,0
622,66,Female,Basic,56,19.2,28,533.4,0,0,0,7,4,France,0
623,30,Male,Basic,16,9.7,34,336.6,0,0,0,54,4,USA,0
624,40,Female,Basic,33,21.0,27,559.4,0,0,0,23,4,Serbia,0
625,42,Male,Premium,58,11.4,45,504.4,0,0,0,17,5,Serbia,0
626,52,Female,Basic,40,11.7,22,260.6,0,1,1,34,4,Germany,0
627,58,Male,Premium,28,16.4,25,429.8,1,0,0,24,8,USA,0
628,47,Male,Basic,8,16.5,36,592.2,0,0,0,16,3,Serbia,0
629,34,Male,Basic,12,9.6,16,155.3,0,0,0,31,5,Germany,0
630,66,Male,Basic,5,14.1,40,573.5,0,0,0,55,4,USA,1
631,37,Male,Basic,5,22.4,22,497.9,0,0,0,23,3,India,0
632,65,Male,Premium,19,7.7,27,213.1,0,1,1,6,5,USA,0
633,42,Female,Free,51,22.4,32,715.8,0,0,0,12,5,France,0
634,39,Male,Basic,52,13.8,14,192.4,1,0,0,26,5,Germany,0
635,30,Female,Free,2,3.3,32,98.0,0,0,0,47,2,India,1
636,36,Female,Basic,16,8.2,32,267.3,0,0,0,4,4,Germany,0
637,66,Female,Basic,48,10.2,23,239.2,1,1,0,35,4,Germany,0
638,53,Male,Basic,11,11.9,15,185.7,0,0,0,25,7,Serbia,0
639,29,Female,Premium,47,14.5,33,473.6,0,0,0,41,2,USA,0
640,58,Male,Basic,46,1.5,27,48.8,1,0,0,44,3,Germany,0
641,36,Male,Premium,44,15.9,36,583.7,0,0,0,30,4,Germany,0
642,29,Other,Basic,54,9.7,24,220.7,2,0,0,9,5,France,0
643,26,Male,Basic,0,22.0,28,613.0,0,0,0,45,7,France,1
644,24,Female,Free,16,13.6,26,365.4,0,0,0,25,5,France,0
645,45,Female,Free,2,19.7,30,584.5,0,1,0,21,3,Germany,1
646,31,Female,Basic,25,20.6,33,685.1,1,0,1,11,2,India,0
647,48,Female,Basic,14,20.4,18,367.3,1,0,0,31,5,USA,0
648,69,Male,Free,35,12.2,38,466.9,0,0,0,26,7,Germany,0
649,36,Male,Free,31,12.1,36,436.0,0,0,0,32,5,Serbia,1
650,64,Female,Free,31,13.9,23,327.2,0,0,1,60,5,India,1
651,33,Male,Premium,3,18.2,25,444.8,1,0,1,52,7,India,1
652,22,Male,Basic,17,12.4,36,437.3,0,0,0,51,7,USA,0
653,52,Male,Basic,48,14.4,37,547.4,0,0,0,19,10,India,0
654,29,Male,Free,18,16.4,32,545.8,1,0,1,38,4,USA,1
655,42,Male,Basic,42,10.5,32,335.9,1,0,0,40,4,India,0
656,69,Male,Free,51,10.2,31,333.4,0,0,0,39,0,USA,1
657,38,Female,Free,34,14.2,14,191.1,0,1,1,58,3,France,1
658,53,Female,Basic,39,14.9,25,367.2,0,0,0,12,3,France,0
659,40,Female,Free,13,17.2,37,651.0,0,0,0,13,2,India,0
660,33,Male,Free,57,18.4,33,615.2,0,0,1,43,9,India,1
661,56,Male,Free,32,9.5,26,263.1,0,0,0,39,8,USA,1
662,62,Male,Free,13,10.9,39,429.8,0,1,0,52,8,USA,1
663,59,Female,Free,33,10.1,20,191.9,0,1,0,21,4,Germany,0
664,56,Female,Basic,60,22.1,22,488.4,0,0,0,17,10,France,0
665,31,Male,Premium,54,14.4,38,559.2,0,0,0,47,3,Germany,0
666,48,Female,Basic,3,15.1,21,315.8,0,0,0,28,2,Germany,0
667,22,Male,Basic,23,15.3,27,410.2,0,0,0,42,2,Serbia,0
668,52,Female,Free,58,11.4,35,403.8,0,1,1,15,2,USA,0
669,40,Female,Premium,28,22.8,29,655.6,1,1,0,45,6,Serbia,0
670,46,Female,Basic,18,17.1,26,447.6,0,1,1,34,2,Serbia,0
671,60,Female,Free,5,15.2,22,335.0,0,0,1,52,9,Germany,1
672,28,Female,Basic,56,9.5,37,346.6,0,0,0,33,8,Serbia,0
673,35,Male,Free,32,9.2,20,193.8,0,0,0,2,4,USA,0
674,64,Female,Basic,48,13.5,30,411.5,1,0,1,3,4,Germany,0
675,29,Male,Basic,39,11.5,28,318.5,0,0,0,53,3,USA,0
676,26,Female,Premium,18,9.7,31,300.6,0,0,0,4,9,India,0
677,27,Female,Basic,52,13.1,27,351.0,0,1,0,9,10,Serbia,0
678,61,Female,Premium,0,13.9,27,368.9,0,0,1,51,5,Germany,1
679,34,Male,Premium,4,15.7,31,469.7,0,0,0,28,5,France,0
680,55,Female,Free,26,12.5,40,495.2,0,0,0,31,9,USA,1
681,24,Female,Free,15,10.0,39,383.8,0,0,0,30,2,Serbia,0
682,63,Female,Basic,5,10.1,32,324.3,2,0,1,1,5,USA,0
683,30,Male,Basic,39,21.1,35,742.9,0,0,0,11,5,USA,0
684,57,Male,Basic,12,8.7,35,296.5,0,0,0,26,8,India,0
685,59,Male,Premium,47,16.8,29,490.9,0,0,0,4,6,USA,0
686,26,Male,Premium,34,17.6,33,571.2,0,0,0,36,6,India,0
687,67,Female,Basic,18,14.4,26,373.1,0,0,0,26,7,India,0
688,44,Male,Basic,11,23.8,27,636.6,1,1,0,22,5,India,0
689,19,Other,Premium,15,17.5,27,480.0,0,0,0,32,5,Serbia,0
690,22,Male,Premium,58,24.2,24,582.0,0,0,1,3,7,USA,0
691,46,Male,Premium,42,11.7,26,303.1,0,0,0,58,4,USA,0
692,54,Female,Free,9,11.8,20,229.7,0,0,0,20,4,India,1
693,55,Female,Basic,24,17.6,25,436.7,1,0,1,23,6,USA,0
694,36,Female,Free,19,13.7,26,374.5,0,0,0,43,6,USA,1
695,25,Female,Free,30,23.4,31,720.4,0,0,0,30,4,India,0
696,65,Female,Free,3,16.7,36,606.0,1,0,1,43,3,France,1
697,62,Male,Basic,43,9.8,24,234.1,1,0,0,47,3,France,0
698,18,Other,Basic,22,6.3,29,187.2,0,0,0,23,10,India,0
699,39,Other,Free,1,14.6,26,388.0,0,0,0,48,6,Serbia,1
700,69,Female,Basic,55,14.6,30,434.5,0,0,0,52,6,USA,0
701,34,Male,Basic,21,16.6,22,372.3,1,1,0,9,4,USA,0
702,24,Female,Basic,50,21.1,31,681.7,0,0,1,48,1,France,0
703,42,Male,Free,56,20.4,27,556.5,0,1,0,48,5,India,1
704,62,Male,Basic,36,12.1,23,294.4,1,1,0,49,7,Serbia,0
705,21,Male,Premium,7,8.5,30,259.8,1,0,0,1,4,India,0
706,53,Male,Free,6,8.8,30,254.7,0,1,1,30,3,France,1
707,23,Female,Free,13,11.3,22,251.4,0,0,1,24,5,France,0
708,48,Female,Basic,55,13.2,32,419.1,0,0,0,3,7,USA,0
709,36,Female,Premium,54,16.5,22,357.0,0,0,1,50,9,Germany,0
710,61,Male,Basic,2,11.0,33,362.3,0,0,1,10,2,Serbia,0
711,56,Male,Basic,49,16.4,38,621.7,0,0,0,16,6,Serbia,0
712,44,Male,Basic,15,16.8,27,443.0,0,1,0,43,2,Germany,0
713,27,Other,Basic,54,15.7,32,529.5,0,2,0,1,3,France,0
714,43,Male,Free,18,9.4,30,290.1,0,0,1,5,5,India,0
715,36,Female,Basic,50,17.3,22,383.0,0,0,1,8,3,Serbia,0
716,56,Female,Premium,17,25.4,21,534.3,0,0,0,4,4,Germany,0
717,20,Male,Basic,51,16.2,24,400.8,1,0,0,19,5,USA,0
718,62,Female,Premium,15,0.2,24,25.6,0,0,0,28,4,USA,0
719,30,Female,Premium,7,21.2,30,642.9,0,0,1,20,5,France,0
720,67,Female,Free,59,11.5,25,288.7,0,0,1,8,2,Serbia,0
721,45,Female,Premium,32,26.3,30,803.7,0,0,0,27,4,India,0
722,37,Male,Free,48,15.6,38,594.2,0,0,0,60,5,Serbia,1
723,45,Male,Basic,11,6.6,29,195.8,0,0,0,54,6,USA,0
724,25,Female,Free,52,4.7,31,155.7,0,0,1,7,10,Serbia,0
725,58,Female,Free,10,22.7,27,609.0,2,0,0,30,5,USA,0
726,56,Male,Basic,4,20.5,26,512.2,0,1,0,19,6,Germany,0
727,18,Female,Free,26,26.1,24,622.0,2,0,1,26,7,Germany,0
728,20,Female,Basic,11,15.1,31,475.8,0,0,0,7,4,USA,0
729,30,Female,Basic,16,14.7,34,506.8,1,1,1,53,7,India,0
730,45,Male,Free,5,13.1,30,406.4,0,0,0,20,6,India,1
731,66,Female,Free,32,11.7,28,323.6,0,1,0,60,2,Serbia,1
732,42,Female,Basic,4,13.0,21,288.8,2,0,1,27,3,USA,0
733,50,Male,Basic,56,16.1,21,340.0,0,0,0,22,4,France,0
734,55,Male,Premium,27,10.8,32,351.6,0,1,0,5,4,India,0
735,23,Other,Basic,13,6.7,38,263.6,1,0,0,2,5,India,0
736,61,Male,Premium,4,15.8,26,397.0,1,1,0,4,7,Germany,0
737,62,Female,Basic,53,10.7,40,418.0,1,0,0,8,3,India,0
738,49,Female,Basic,55,-1.2,27,-42.8,0,0,1,6,3,India,0
739,62,Male,Basic,58,17.8,33,598.1,0,0,1,59,6,India,0
740,64,Female,Free,32,9.5,40,376.9,0,0,1,3,3,USA,0
741,38,Male,Basic,49,18.3,26,496.1,1,0,0,38,9,USA,0
742,33,Female,Premium,47,18.2,31,564.2,0,0,1,4,7,Germany,0
743,38,Male,Basic,40,16.4,35,559.3,0,0,1,10,5,Serbia,0
744,28,Female,Premium,18,27.5,28,763.3,1,0,0,60,6,India,0
745,54,Male,Premium,21,14.3,28,401.6,1,0,0,14,6,Serbia,0
746,53,Male,Premium,4,13.6,20,277.2,1,0,0,33,3,USA,1
747,52,Other,Premium,58,18.4,30,542.2,0,0,1,12,8,India,0
748,36,Male,Basic,1,14.7,24,358.5,0,0,0,53,10,Serbia,1
749,37,Female,Basic,29,20.8,29,611.6,1,0,1,47,6,Serbia,0
750,35,Male,Basic,46,8.7,33,280.7,0,0,0,6,7,France,0
751,64,Female,Basic,38,8.7,25,237.2,0,0,1,39,2,USA,0
752,58,Male,Basic,3,18.8,30,558.7,0,1,0,5,5,Germany,0
753,66,Other,Premium,32,9.2,24,210.8,0,0,0,55,8,Germany,0
754,31,Male,Basic,12,18.0,31,542.7,0,1,0,38,6,France,0
755,32,Male,Basic,19,16.9,26,451.6,1,0,0,49,2,Serbia,0
756,48,Male,Free,53,11.5,22,253.2,0,0,1,29,3,France,0
757,18,Male,Basic,6,16.8,38,633.6,2,0,1,21,10,France,0
758,20,Female,Free,14,8.8,30,249.3,1,0,0,24,3,USA,0
759,33,Male,Premium,22,10.0,29,286.1,0,0,0,27,4,India,0
760,40,Female,Basic,13,13.8,27,396.4,0,0,0,53,9,Serbia,0
761,28,Male,Free,22,15.4,41,610.0,0,0,0,19,2,Germany,0
762,29,Male,Free,18,13.5,33,439.2,0,0,0,38,5,Germany,1
763,27,Female,Basic,53,17.2,35,619.9,2,1,1,2,1,France,0
764,49,Female,Basic,28,16.9,32,553.3,0,0,1,4,5,France,0
765,33,Male,Basic,55,22.6,31,694.9,0,0,0,0,9,France,0
766,25,Male,Free,19,14.5,30,437.0,0,0,0,14,2,Serbia,0
767,55,Male,Basic,28,21.0,28,592.6,1,0,0,25,5,France,0
768,29,Female,Basic,23,19.6,23,452.1,0,0,0,2,6,France,0
769,41,Female,Basic,17,26.5,31,839.3,0,0,0,39,7,India,0
770,45,Male,Basic,9,14.4,27,392.2,0,0,0,56,3,Serbia,1
771,25,Female,Basic,40,12.9,26,346.8,0,0,0,40,7,USA,0
772,45,Female,Free,56,21.3,33,704.7,0,0,0,46,7,USA,1
773,53,Female,Premium,7,16.9,24,385.3,0,2,0,41,6,India,1
774,43,Female,Basic,25,21.4,30,630.1,0,0,0,33,4,Germany,0
775,25,Male,Basic,28,18.6,28,511.0,0,0,0,51,10,USA,0
776,67,Male,Free,9,4.5,30,132.5,0,0,1,4,6,Serbia,1
777,45,Male,Basic,16,16.9,27,477.1,3,1,1,30,8,Germany,0
778,45,Male,Free,1,16.6,24,402.0,0,1,1,50,3,France,1
779,54,Female,Basic,5,15.7,27,422.8,0,1,0,12,6,Serbia,0
780,58,Female,Premium,57,14.3,33,484.3,1,0,0,42,9,Germany,0
781,53,Male,Basic,4,7.0,28,181.5,0,0,0,0,3,USA,0
782,44,Male,Free,27,19.4,29,557.7,0,0,0,21,7,France,0
783,34,Male,Free,40,16.9,33,551.3,0,0,1,14,4,France,0
784,26,Female,Basic,4,20.5,33,680.5,0,0,0,25,3,Serbia,0
785,50,Male,Free,17,7.3,28,213.4,0,0,0,17,9,France,0
786,37,Female,Free,25,17.5,29,512.2,1,0,0,47,4,Germany,1
787,30,Male,Premium,19,13.8,23,322.3,1,0,0,8,4,India,0
788,45,Male,Basic,40,15.7,33,514.5,1,0,1,0,3,USA,0
789,65,Other,Free,48,13.9,33,461.9,0,0,0,42,2,Serbia,1
790,46,Other,Premium,26,17.7,35,611.1,0,0,0,8,3,India,0
791,30,Male,Free,48,14.2,37,532.1,0,0,0,22,6,India,0
792,63,Female,Premium,11,9.7,33,315.1,0,0,1,42,12,Serbia,0
793,52,Female,Basic,6,15.4,35,527.8,0,0,0,44,7,Germany,1
794,23,Female,Premium,58,13.9,29,403.5,0,0,0,57,4,USA,0
795,35,Male,Basic,2,14.6,39,550.3,0,0,0,1,7,Serbia,0
796,68,Female,Premium,9,-0.9,25,-7.8,1,0,1,13,5,India,0
797,22,Female,Premium,33,18.4,39,725.6,0,0,0,37,8,India,0
798,64,Female,Free,24,13.4,32,432.2,0,0,0,39,4,Serbia,1
799,42,Male,Premium,34,8.3,35,274.3,1,0,1,17,7,India,0
800,19,Male,Basic,15,19.6,30,581.0,0,0,1,15,5,Serbia,0
801,27,Male,Basic,1,18.2,39,710.2,0,0,0,52,2,Serbia,1
802,47,Female,Basic,59,13.4,24,319.0,0,0,1,28,4,USA,0
803,67,Male,Basic,23,9.2,33,286.7,0,1,0,43,6,Serbia,0
804,62,Female,Free,9,15.9,34,527.4,0,0,1,10,6,India,1
805,22,Other,Basic,37,15.6,42,652.4,0,0,0,5,4,France,0
806,50,Male,Basic,21,19.6,22,418.4,0,0,0,2,3,USA,0
807,18,Female,Premium,25,12.8,33,436.1,1,0,1,13,4,India,0
808,35,Male,Premium,42,21.0,38,802.9,0,0,1,59,5,India,0
809,49,Female,Basic,54,12.3,26,311.8,0,0,0,1,7,USA,0
810,64,Male,Basic,38,8.3,29,252.4,0,0,1,31,10,USA,0
811,66,Female,Free,26,9.3,34,325.9,0,0,0,30,7,India,0
812,28,Female,Free,28,14.7,23,341.0,0,1,1,10,5,France,0
813,38,Female,Free,46,14.7,31,455.3,0,0,0,21,3,Germany,0
814,43,Female,Basic,37,16.6,29,478.4,0,0,0,2,4,India,0
815,42,Female,Free,19,14.5,29,415.1,0,0,0,49,4,USA,1
816,39,Female,Premium,26,19.9,35,683.1,0,1,0,30,8,Serbia,0
817,44,Female,Basic,40,13.7,30,426.3,1,0,0,32,8,Serbia,0
818,66,Female,Basic,53,5.0,29,139.8,0,0,0,23,4,USA,0
819,30,Male,Basic,19,14.4,34,489.9,0,0,0,0,4,USA,0
820,50,Female,Free,43,5.0,25,115.9,0,0,1,43,8,Germany,1
821,51,Female,Basic,18,16.4,23,374.6,1,0,0,14,4,USA,0
822,58,Female,Basic,19,20.3,34,718.7,0,0,0,36,6,Serbia,0
823,52,Male,Basic,34,10.1,26,255.3,0,1,0,26,6,France,0
824,18,Female,Basic,46,22.1,23,522.8,0,0,0,37,1,USA,0
825,38,Male,Premium,1,19.2,31,594.9,0,0,0,47,5,Germany,1
826,65,Female,Premium,29,21.0,34,720.8,0,0,0,26,3,France,0
827,23,Male,Basic,52,15.9,35,568.9,0,0,0,43,9,Germany,0
828,45,Female,Basic,33,10.0,24,242.7,1,0,0,11,4,France,0
829,34,Other,Basic,21,18.9,26,487.9,0,1,0,2,8,USA,0
830,22,Male,Free,2,11.9,20,236.1,2,0,0,29,8,Serbia,1
831,48,Other,Basic,5,15.6,33,513.3,0,0,1,31,2,France,1
832,22,Male,Free,14,14.1,33,483.9,1,0,0,22,6,India,0
833,55,Female,Basic,26,20.6,26,520.8,0,0,1,1,9,Germany,0
834,20,Female,Basic,9,18.7,25,449.8,1,0,0,6,4,France,0
835,40,Female,Free,8,14.6,29,406.4,0,0,1,33,4,Germany,1
836,54,Female,Premium,32,5.2,32,157.5,0,0,0,31,6,Serbia,0
837,54,Female,Premium,31,11.8,21,254.8,0,1,0,52,13,Germany,0
838,27,Male,Premium,47,18.5,30,562.6,1,1,1,38,6,Germany,0
839,27,Male,Basic,5,16.4,25,403.9,1,0,0,31,8,India,1
840,36,Female,Premium,40,7.5,30,224.7,0,0,0,42,8,Germany,0
841,34,Female,Free,58,6.0,37,210.8,0,0,0,42,1,France,1
842,38,Female,Premium,35,16.0,34,533.8,0,0,1,13,8,Germany,0
843,31,Female,Free,58,9.7,29,287.1,1,0,0,2,4,USA,0
844,26,Male,Premium,59,10.2,31,326.7,0,0,0,45,4,Germany,0
845,63,Female,Free,1,18.4,34,620.8,0,0,1,31,2,USA,1
846,18,Male,Premium,28,21.0,31,667.4,1,0,0,42,6,Germany,0
847,68,Female,Premium,3,11.2,34,390.5,0,0,1,35,6,Germany,1
848,62,Male,Free,0,14.8,28,430.3,0,0,0,16,3,France,1
849,30,Male,Basic,18,14.6,47,683.2,0,0,1,47,5,USA,0
850,21,Male,Premium,25,14.2,26,384.4,0,0,0,2,8,USA,0
851,18,Male,Basic,24,15.2,36,569.0,0,0,0,56,9,India,0
852,66,Female,Premium,9,18.8,26,484.7,1,0,0,9,3,Germany,0
853,57,Male,Basic,52,11.6,33,381.3,0,1,0,52,2,Germany,0
854,49,Male,Basic,14,7.4,28,197.7,0,0,0,46,7,France,0
855,51,Male,Free,58,23.5,38,881.6,0,2,0,39,6,India,1
856,45,Male,Free,21,20.4,23,457.9,1,1,0,17,6,India,0
857,48,Male,Premium,50,9.5,44,409.9,0,0,0,2,6,France,0
858,25,Male,Basic,47,15.7,26,410.9,0,0,0,38,4,USA,0
859,56,Female,Basic,20,20.1,26,514.9,0,0,0,9,6,Serbia,0
860,43,Female,Basic,58,18.7,40,750.4,0,0,0,51,10,France,0
861,51,Female,Basic,55,17.3,37,642.7,0,1,0,8,4,USA,0
862,20,Male,Premium,21,14.1,32,446.5,0,0,0,45,3,India,0
863,67,Male,Premium,35,23.6,25,589.4,1,0,0,54,0,France,0
864,29,Female,Basic,33,16.1,34,542.1,0,0,1,45,8,Serbia,0
865,18,Female,Premium,29,12.4,29,356.5,1,0,0,10,3,Germany,0
866,61,Male,Premium,24,19.4,34,651.5,0,0,0,59,4,France,0
867,22,Male,Basic,44,15.5,20,310.8,0,0,0,32,5,Serbia,0
868,47,Male,Premium,27,16.7,37,611.9,0,1,1,35,3,Serbia,0
869,47,Male,Free,0,16.0,22,340.3,0,0,0,25,2,France,1
870,34,Male,Free,48,17.5,37,653.4,0,0,1,26,8,USA,0
871,65,Female,Premium,44,10.1,31,319.4,1,0,0,37,4,France,0
872,64,Female,Basic,3,7.7,33,265.2,0,1,1,21,3,India,0
873,40,Female,Premium,6,22.2,25,544.8,0,0,0,25,8,Serbia,0
874,32,Female,Premium,48,16.2,34,546.0,0,0,0,21,5,Serbia,0
875,54,Female,Free,8,18.9,30,569.3,0,0,0,4,6,Germany,1
876,38,Female,Premium,35,6.2,26,156.2,0,0,1,34,7,Serbia,0
877,31,Female,Basic,18,20.3,26,533.5,0,0,1,1,10,Germany,0
878,19,Male,Basic,0,12.4,38,476.2,1,0,0,34,7,Serbia,1
879,28,Male,Basic,9,11.0,32,356.8,0,0,0,8,3,Serbia,0
880,68,Male,Premium,35,14.7,33,499.7,1,0,0,50,3,France,0
881,56,Female,Free,8,10.1,36,370.0,1,0,0,50,7,France,1
882,55,Female,Basic,44,15.0,33,496.5,0,0,0,48,3,India,0
883,51,Male,Basic,45,14.3,34,484.3,1,0,0,17,3,USA,0
884,55,Female,Premium,41,20.3,29,587.5,0,1,1,42,3,India,0
885,67,Male,Basic,31,22.6,36,803.0,1,0,0,11,8,Serbia,0
886,51,Female,Free,31,22.4,28,609.5,0,0,0,2,2,India,0
887,35,Male,Free,5,3.7,30,115.6,0,0,0,17,5,France,1
888,47,Male,Basic,47,10.3,30,321.2,1,0,1,55,4,Serbia,0
889,32,Female,Premium,37,3.6,27,93.9,0,1,1,37,2,Serbia,0
890,44,Male,Free,16,9.0,26,249.9,1,0,0,6,3,India,0
891,68,Male,Free,9,11.8,28,328.6,0,0,1,32,2,Germany,1
892,51,Male,Premium,49,17.1,33,544.8,0,1,1,5,6,USA,0
893,69,Female,Free,26,12.4,30,381.2,1,0,0,17,3,India,0
894,55,Female,Premium,53,12.5,39,482.7,0,1,0,44,6,India,0
895,50,Male,Basic,49,15.9,29,471.2,2,0,1,21,5,USA,0
896,41,Female,Premium,34,6.5,41,253.7,0,0,0,50,4,Serbia,0
897,32,Female,Free,51,10.8,30,328.1,2,0,0,38,6,Serbia,1
898,47,Male,Free,58,12.5,26,317.0,1,0,0,50,6,Germany,1
899,59,Male,Premium,20,14.0,38,534.0,2,0,0,8,6,India,0
900,68,Male,Premium,24,15.4,24,377.3,0,0,1,34,7,USA,0
901,34,Male,Premium,27,22.5,32,725.3,0,1,0,22,10,India,0
902,22,Female,Free,46,19.5,33,644.2,0,0,0,11,12,France,0
903,46,Male,Premium,14,11.2,33,355.8,2,0,1,51,5,India,0
904,21,Female,Premium,3,13.7,29,404.6,0,0,0,23,7,India,0
905,27,Female,Basic,28,13.4,27,372.1,0,0,0,49,10,France,0
906,34,Male,Premium,58,12.4,32,386.4,0,0,1,39,2,France,0
907,27,Female,Premium,8,16.4,26,417.4,0,0,0,8,4,USA,0
908,34,Male,Basic,26,5.7,27,164.6,0,0,0,12,6,Serbia,0
909,37,Other,Free,25,19.4,29,560.5,0,0,0,39,4,Germany,1
910,41,Female,Basic,18,23.5,31,719.8,0,0,0,53,5,France,0
911,22,Female,Free,55,13.7,42,578.1,0,0,1,41,3,Serbia,1
912,51,Female,Basic,27,13.6,29,388.0,1,0,0,16,3,USA,0
913,23,Male,Basic,16,15.8,26,412.4,0,0,0,6,3,India,0
914,19,Female,Free,42,20.1,33,659.2,0,0,0,16,6,USA,0
915,30,Female,Basic,56,13.4,32,425.5,0,0,0,54,5,USA,0
916,60,Female,Free,40,19.7,21,424.8,1,0,1,49,9,France,1
917,60,Female,Premium,41,17.4,26,427.7,1,0,1,23,1,Germany,0
918,65,Female,Premium,49,26.8,29,782.7,0,0,1,1,5,France,0
919,28,Male,Free,19,13.4,29,398.1,0,0,0,34,6,India,1
920,68,Male,Premium,44,5.1,29,141.7,0,1,1,60,5,France,0
921,64,Female,Basic,39,7.8,30,243.4,0,0,0,27,8,India,0
922,40,Male,Free,38,15.1,31,458.5,1,0,1,18,4,France,0
923,33,Female,Free,48,20.1,35,696.9,0,0,1,32,6,Germany,1
924,48,Female,Basic,52,11.7,35,401.7,2,0,0,20,5,Serbia,0
925,28,Male,Premium,22,13.8,28,395.9,0,0,0,52,7,Germany,0
926,33,Male,Premium,46,18.4,26,461.0,0,0,0,9,4,France,0
927,25,Female,Free,31,10.2,37,393.8,0,0,0,52,7,USA,1
928,21,Male,Free,51,11.9,36,425.4,1,0,1,45,4,Serbia,1
929,57,Female,Basic,46,9.2,32,300.5,0,0,0,44,5,USA,0
930,21,Male,Free,32,20.9,37,778.6,2,1,0,8,5,Germany,0
931,42,Female,Free,56,22.7,26,591.7,1,1,0,37,5,Serbia,1
932,20,Male,Free,45,7.1,34,235.4,0,1,1,5,6,France,0
933,49,Female,Premium,4,14.3,30,441.4,1,0,0,50,5,USA,1
934,20,Male,Premium,42,22.0,28,610.9,0,1,0,52,3,France,0
935,44,Female,Basic,47,17.0,33,553.7,0,0,0,41,3,India,0
936,46,Male,Premium,33,12.6,35,449.8,0,0,0,54,5,Serbia,0
937,49,Female,Basic,39,7.3,29,213.2,0,1,0,34,4,USA,0
938,67,Female,Basic,10,20.8,26,554.4,0,0,1,17,5,Germany,0
939,68,Male,Free,60,16.8,34,570.6,0,1,0,52,2,Germany,1
940,36,Male,Basic,49,7.6,32,236.7,0,0,0,18,8,Germany,0
941,38,Male,Premium,2,20.9,27,567.0,0,0,0,4,4,Germany,0
942,22,Female,Basic,57,7.0,28,191.5,1,0,0,24,1,USA,0
943,35,Female,Basic,32,13.9,35,480.3,0,0,0,10,3,India,0
944,45,Female,Basic,10,13.7,26,364.5,0,1,0,9,6,Germany,0
945,59,Male,Free,15,23.1,27,642.0,0,1,0,16,7,Germany,0
946,39,Male,Premium,17,13.7,29,394.8,1,0,0,35,5,Germany,0
947,38,Female,Basic,29,13.7,23,305.4,0,0,0,25,3,India,0
948,23,Female,Basic,47,8.2,23,187.1,0,0,1,30,5,Serbia,0
949,18,Other,Basic,54,11.8,25,300.1,0,0,0,31,4,Germany,0
950,22,Male,Basic,9,10.9,31,340.5,0,0,1,20,4,Germany,0
951,58,Female,Free,17,11.2,38,437.5,1,0,1,17,2,Germany,0
952,29,Male,Basic,37,15.0,35,531.7,0,0,0,59,3,Serbia,0
953,43,Male,Free,18,2.8,31,75.8,0,0,1,17,4,Germany,0
954,63,Female,Premium,35,7.4,30,217.1,0,0,0,0,6,Serbia,0
955,51,Female,Premium,58,14.4,23,317.4,0,0,0,13,8,Serbia,0
956,66,Other,Premium,12,15.6,33,526.2,0,0,0,7,5,France,0
957,31,Male,Basic,55,13.8,38,504.5,0,0,0,1,2,France,0
958,43,Male,Basic,45,14.8,23,327.6,0,0,0,50,3,Germany,0
959,62,Female,Free,2,13.0,35,449.9,0,0,0,14,6,USA,1
960,44,Female,Premium,9,14.9,38,571.8,0,0,0,59,6,France,1
961,26,Male,Free,37,17.2,34,579.6,0,0,0,33,9,France,1
962,43,Male,Basic,0,17.1,30,509.3,0,0,0,35,5,USA,1
963,64,Male,Free,54,11.6,24,274.9,1,0,0,0,3,India,0
964,39,Female,Free,55,19.6,39,766.1,0,0,0,50,6,Germany,1
965,64,Male,Basic,26,15.8,19,288.0,0,0,0,20,4,India,0
966,47,Male,Free,45,21.2,32,668.9,0,0,0,41,5,India,1
967,60,Male,Premium,7,22.2,31,705.0,0,1,0,0,4,Serbia,0
968,65,Male,Basic,50,7.8,32,253.6,1,1,1,31,7,Serbia,0
969,34,Male,Free,45,10.7,26,285.8,1,0,1,19,9,Germany,0
970,43,Female,Basic,41,19.1,35,669.1,0,0,0,53,6,USA,0
971,53,Male,Free,16,6.7,32,213.0,0,0,1,46,5,Serbia,1
972,18,Female,Free,8,22.1,24,535.0,1,0,0,35,2,France,1
973,25,Male,Premium,60,13.3,27,366.4,0,0,0,38,7,Germany,0
974,66,Female,Free,5,17.9,23,420.2,0,0,1,29,2,India,1
975,52,Female,Premium,42,14.4,31,445.1,1,0,0,6,5,Germany,0
976,69,Female,Free,24,8.0,26,217.6,0,0,1,21,5,Serbia,0
977,32,Female,Free,38,20.3,37,726.4,0,0,0,56,4,USA,1
978,64,Male,Premium,48,28.8,28,815.3,1,0,0,49,2,India,0
979,39,Male,Basic,59,12.4,23,280.9,0,0,0,44,11,USA,0
980,31,Female,Free,27,13.4,33,447.7,0,1,0,9,5,Germany,0
981,43,Other,Basic,32,1.8,24,36.7,0,0,0,55,8,USA,0
982,45,Female,Free,53,21.8,21,444.5,0,0,0,7,10,USA,0
983,40,Female,Premium,36,19.6,32,630.6,0,1,1,26,10,Germany,0
984,31,Female,Basic,8,6.3,31,180.3,0,0,0,9,5,India,0
985,41,Male,Premium,17,4.7,36,165.2,0,0,0,13,2,USA,0
986,19,Male,Premium,55,5.3,24,119.1,0,0,0,45,7,USA,0
987,62,Female,Basic,58,18.2,35,635.2,1,0,1,58,7,Germany,0
988,43,Female,Premium,20,18.7,18,344.6,0,0,0,51,10,France,0
989,31,Male,Basic,1,10.4,41,421.5,0,1,0,53,3,USA,1
990,68,Female,Premium,60,17.5,40,703.1,0,0,1,10,7,Serbia,0
991,24,Male,Free,57,15.8,34,544.6,0,0,0,5,6,India,0
992,20,Female,Basic,42,13.2,19,244.7,1,0,0,20,2,USA,0
993,64,Male,Basic,58,19.9,23,451.8,0,0,1,32,2,Germany,0
994,40,Male,Basic,59,9.0,26,247.7,0,0,1,18,3,Serbia,0
995,63,Female,Basic,37,20.7,28,578.8,0,0,0,38,4,Germany,0
996,60,Male,Premium,57,11.4,41,472.5,0,0,0,23,2,USA,0
997,64,Female,Free,39,23.9,28,674.2,0,0,1,17,9,Serbia,0
998,62,Female,Free,35,10.0,33,318.0,0,0,0,34,7,India,1
999,35,Female,Premium,49,13.2,31,401.6,0,0,1,51,8,India,0
1000,55,Male,Basic,59,15.3,34,524.0,0,0,0,42,3,India,0
